<?xml version="1.0" encoding="UTF-8" standalone="no" ?>
<manifest identifier="com.mosaiclearning.client.project" version="1"
         xmlns="http://www.imsproject.org/xsd/imscp_rootv1p1p2"
         xmlns:adlcp="http://www.adlnet.org/xsd/adlcp_rootv1p2"
         xmlns:xsi="http://www.w3.org/2001/XMLSchema-instance"
         xsi:schemaLocation="http://www.imsproject.org/xsd/imscp_rootv1p1p2 imscp_rootv1p1p2.xsd
                             http://www.imsglobal.org/xsd/imsmd_rootv1p2p1 imsmd_rootv1p2p1.xsd
                             http://www.adlnet.org/xsd/adlcp_rootv1p2 adlcp_rootv1p2.xsd">

  <metadata>
    <schema>ADL SCORM</schema>
    <schemaversion>1.2</schemaversion>
  </metadata>

  <organizations default="default_org">
    <organization identifier="default_org">
        <title>SCORM Suspened Data</title>
        <item identifier="item_1" identifierref="resource_1">
            <title>Lesson 1</title>
        </item>
    </organization>
  </organizations>

  <resources>
    <resource identifier="resource_1" type="webcontent" adlcp:scormtype="sco" href="index.html">
      <file href="data.js" />
      <file href="imsmanifest.xml" />
      <file href="index.html" />
      <file href="javascript.js" />
      <file href="ml_scorm.js" />
      <file href="SCORM_API_wrapper.js" />
      <file href="star_sm.png" />
      <file href="style.css" />
    </resource>
  </resources>
</manifest>
